Cluster,Start_ID,End_ID,Length,Valence_Mean,Valence_Std,Arousal_Mean,Arousal_Std
1,0,20,18,0.7462006855555556,0.15413982876639393,0.5329093494444446,0.17273673367547868
2,18,20,3,0.9349407,0.07289359845797502,0.7002387333333333,0.08072758319065013
3,21,62,42,0.21598172940476185,0.12172805682357422,0.28936612476190476,0.09181421477127048
4,63,74,12,0.38114388749999994,0.15815978184270513,0.25866201,0.10126996106266772
