Cluster,Target_Valence,Target_Arousal,Nearest_Source,Nearest_Piece_ID,Nearest_Piece_Name,Nearest_MIDI,Overall_Valence,Overall_Arousal,Overall_Distance,Window_Start,Window_End,Window_Valence,Window_Arousal,Window_Distance
1.0,0.49240137111111126,0.06581869888888914,raw_2,piece89,Links House,The Legend of Zelda_N64_The Legend of Zelda Ocarina of Time_Links House.mid,0.48984326018808777,0.10531870428422152,0.0395827532863213,9,10,0.4977586206896552,0.05775862068965516,0.00967806714300826
2.0,0.8698813999999999,0.4004774666666666,raw_2,piece86,Cool Cool Mountain,Super Mario_N64_Super Mario 64_Cool Cool Mountain.mid,0.5432372881355931,0.30862711864406783,0.3393123373052616,57,58,0.6166666666666667,0.30183333333333334,0.27175055881847876
3.0,-0.5680365411904764,-0.4212677504761906,raw_1,piece33,Trail of Blood,Final Fantasy_PS1_Final Fantasy VII_Trail of Blood.mid,-0.31111111111111106,-0.21003703703703705,0.33260951718416093,22,23,-0.4268333333333333,-0.20116666666666666,0.2615011147266387
4.0,-0.23771222500000022,-0.48267598,raw_1,piece41,The Farthest Land,Other_PS2_Shadow of the Colossus_The Farthest Land.mid,-0.11877551020408164,-0.35097576530612246,0.17745672339153318,13,14,-0.17,-0.384375,0.11936510412767648
