Cluster,Target_Valence,Target_Arousal,Nearest_Source,Nearest_Piece_ID,Nearest_Piece_Name,Nearest_MIDI,Overall_Valence,Overall_Arousal,Overall_Distance,Window_Size,Window_Start,Window_End,Window_Valence,Window_Arousal,Window_Distance
1.0,-0.39816172000000005,-0.22107747090909102,raw_1,piece33,Trail of Blood,Final Fantasy_PS1_Final Fantasy VII_Trail of Blood.mid,-0.31111111111111106,-0.21003703703703705,0.0877479326708585,2,18,19,-0.3728333333333333,-0.24416666666666667,0.034272994206340245
2.0,-0.7042700194,-0.537538668,raw_1,piece33,Trail of Blood,Final Fantasy_PS1_Final Fantasy VII_Trail of Blood.mid,-0.31111111111111106,-0.21003703703703705,0.5116944844829889,2,22,23,-0.4268333333333333,-0.20116666666666666,0.43602435488931834
3.0,-0.0282389273529412,-0.4576218085294118,raw_1,piece39,Temple of Time,The Legend of Zelda_N64_The Legend of Zelda Ocarina of Time_Temple of Time.mid,-0.03387499999999998,-0.42227499999999996,0.03579332602731725,2,24,25,-0.029999999999999985,-0.4506666666666667,0.007174634150890758
4.0,0.2875935915555552,-0.17717924711111122,raw_2,piece48,Rose and Ghost,Mana_SNES_Secret of Mana_Rose and Ghost.mid,0.29966666666666664,-0.16137333333333334,0.019889345212678246,2,41,42,0.2853333333333333,-0.1725,0.0051965489276984906
