Cluster,Target_Valence,Target_Arousal,Nearest_Source,Nearest_Piece_ID,Nearest_Piece_Name,Nearest_MIDI,Overall_Valence,Overall_Arousal,Overall_Distance,Window_Size,Window_Start,Window_End,Window_Valence,Window_Arousal,Window_Distance
1.0,0.49240137111111126,0.06581869888888914,raw_2,piece89,Links House,The Legend of Zelda_N64_The Legend of Zelda Ocarina of Time_Links House.mid,0.48984326018808777,0.10531870428422152,0.0395827532863213,16,7,22,0.4983405172413793,0.08226293103448276,0.017483884797574376
2.0,0.8698813999999999,0.4004774666666666,raw_2,piece86,Cool Cool Mountain,Super Mario_N64_Super Mario 64_Cool Cool Mountain.mid,0.5432372881355931,0.30862711864406783,0.3393123373052616,16,43,58,0.5768333333333333,0.28670833333333334,0.31435741613088886
3.0,-0.5680365411904764,-0.4212677504761906,raw_1,piece33,Trail of Blood,Final Fantasy_PS1_Final Fantasy VII_Trail of Blood.mid,-0.31111111111111106,-0.21003703703703705,0.33260951718416093,16,8,23,-0.3316041666666666,-0.2226875,0.30876266549269465
4.0,-0.23771222500000022,-0.48267598,raw_1,piece41,The Farthest Land,Other_PS2_Shadow of the Colossus_The Farthest Land.mid,-0.11877551020408164,-0.35097576530612246,0.17745672339153318,16,1,16,-0.14988281250000002,-0.35783203125000007,0.15264343169487446
