Cluster,Start_ID,End_ID,Length,Valence_Mean,Valence_Std,Arousal_Mean,Arousal_Std
1,1,11,11,0.30091914000000003,0.25886171975386923,0.38946126454545454,0.0980858986589193
2,12,21,10,0.1478649903,0.08259106284856185,0.231230666,0.023590028094276613
3,22,89,68,0.48588053632352945,0.1387563839353337,0.2711890957352941,0.1343328143834014
4,90,134,45,0.6437967957777776,0.1687757546894578,0.41141037644444445,0.17172806041215732
